,name,salary_from,salary_to,days,company,city
0,менеджер,45000,65000,1,Бохо,
1,повар универсал,45000,80000,1,Ачишхо,Красная Поляна
2,администратор,20000,30000,1,Отель Понтос,
3,администратор,20000,25000,1,Гостиничный Комплекс Эмераль,Анапа
4,повар-универсал,30000,,1,Ресторан Роллер-Костер,Сочи
5,администратор,18000,22000,1,Бутик-отель Монарх,Краснодар
6,администратор,20000,25000,1,Отель Баунти,Сочи
7,пекарь-тестомес,25200,32400,1,"МАГНИТ, Розничная сеть",
8,повар кулинарии,29000,37200,1,"МАГНИТ, Розничная сеть",
9,повар-сушист,30000,35000,1,Сухарев Роман Вячеславович,
10,торговый представитель,25000,45000,1,Flute service,
11,менеджер,30000,50000,1,АэроЭкспресс,Краснодар
12,аниматор,20000,25000,1,"JAZZ, туристическая компания",
13,су-шеф итальянской,70000,70000,1,Matreshka,Краснодар
14,администратор,,27000,1,НАО Центр «Омега»,Адлер
15,повар-сушист,32000,38000,1,"Суши Шоп, г. Адлер",Сочи
16,повар,25000,,1,Частный пансионат Улыбка,
17,ведущий аниматор,20000,,1,Частный пансионат Улыбка,
18,бариста,22000,,1,Desertoria,Краснодар
19,консьерж,,25000,1,Mriya Resort & SPA,Ялта
20,менеджер,24000,,1,БУРГЕР КИНГ РОССИЯ,
21,администратор,,25000,1,Mriya Resort & SPA,Ялта
22,агент,,25000,1,Mriya Resort & SPA,Ялта
23,кухонный работник,,20000,1,Песочная бухта,
24,стюардесса,800,1000,1,Школа морского сервиса Омегашип,Краснодар
25,официант,22000,,1,Песочная бухта,
26,горничная,,23000,1,Песочная бухта,
27,хостес,20000,35000,1,DelMar Family Project,Сочи
28,помощник официанта,20000,25000,1,DelMar Family Project,Сочи
29,бармен,,33000,1,Песочная бухта,Севастополь
30,бармен,20000,,1,Аэропорт Девелопмент,Краснодар
31,бариста,,25000,1,Аэропорт Девелопмент,Краснодар
32,повар,30000,50000,1,Отель Фортуна,Алушта
33,шеф-повар,60000,,1,Ткаченко Оксана Вениаминовна,
34,повар раздачи,35000,,1,Суп Групп,Краснодар
35,бариста,25000,,1,Бахмацкий Александр Михайлович,Краснодар
36,бар-менеджер,30000,,1,Alean Family Resort Collection,Сочи
37,повар кулинарии,23200,29400,1,"МАГНИТ, Розничная сеть",
38,официант,40000,55000,1,DelMar Family Project,Сочи
39,повар-сушист,45000,,1,MYBOX,
40,повар-сушист,45000,,1,MYBOX,
41,мясник,25000,,1,PIZZA BAR,Симферополь
42,пекарь,25000,,2,PIZZA BAR,Симферополь
43,кондитер,25000,,2,PIZZA BAR,Симферополь
44,бармен,28000,,2,"Сеть ресторанов Pro Sushi, Beshka, ДОМА пицца, PandaBar",Краснодар
45,повар-сушист,25000,30000,2,"Сеть ресторанов Pro Sushi, Beshka, ДОМА пицца, PandaBar",Краснодар
46,повар,,30000,2,"Сеть ресторанов Pro Sushi, Beshka, ДОМА пицца, PandaBar",Краснодар
47,шеф-повар,60000,,2,ЯЕМ,Краснодар
48,главный бухгалтер,40000,45000,2,Трэвл Центр,Сочи
49,мойщик посуды,20000,,2,Alean Family Resort Collection,Сочи
50,су-шеф,40000,,2,"Любо, Сеть ресторанов",Краснодар
51,менеджер,,80000,2,АренаФудс,
52,специалист,,35000,2,Hyatt Regency Sochi (Хаятт Ридженси Сочи),Сочи
53,бармен/бариста,,31000,2,Hyatt Regency Sochi (Хаятт Ридженси Сочи),Сочи
54,sales coordinator,,42000,2,Hyatt Regency Sochi (Хаятт Ридженси Сочи),Сочи
55,официант,,30000,2,Hyatt Regency Sochi (Хаятт Ридженси Сочи),Сочи
56,events executive,,42000,2,Hyatt Regency Sochi (Хаятт Ридженси Сочи),Сочи
57,официант,,25000,2,Hyatt Regency Sochi (Хаятт Ридженси Сочи),Сочи
58,горничная,,30000,2,Hyatt Regency Sochi (Хаятт Ридженси Сочи),Сочи
59,хостес,,30000,2,Hyatt Regency Sochi (Хаятт Ридженси Сочи),Сочи
60,подсобный рабочий,,20000,2,Гранд отель Жемчужина,Сочи
61,повар холодного,30000,,2,"Любо, Сеть ресторанов",Краснодар
62,повар,27000,27000,2,"Норильский никель, ГМК",Сочи
63,официант,23000,23000,2,"Норильский никель, ГМК",Сочи
64,кухонный работник,22000,22000,2,"Норильский никель, ГМК",
65,матрос-спасатель,22000,22000,2,"Норильский никель, ГМК",Сочи
66,изготовитель полуфабрикатов,27000,27000,2,"Норильский никель, ГМК",Сочи
67,начинающий специалист,100000,180000,2,Олимп,Сочи
68,младший менеджер,30000,55000,2,Автомама,Краснодар
69,консультант,50000,,2,Автомама,Краснодар
70,су-шеф,60000,,2,Куцый Василий Андреевич,
71,су-шеф,60000,,2,Куцый Василий Андреевич,
72,повар-сушист,30000,35000,2,Куцый Василий Андреевич,
73,менеджер,20000,25000,2,Сафари-парк,Краснодар
74,повар,25000,,2,PIZZA BAR,Симферополь
75,официант,25000,,2,Сафари-парк,Краснодар
76,повар,25000,,2,PIZZA BAR,Симферополь
77,повар-сушист,40000,,2,Сафари-парк,Краснодар
78,специалист call-центра,27000,27500,2,ФГАУ ОК Дагомыс УДП РФ,Сочи
79,повар-универсал,25000,,2,PIZZA BAR,Симферополь
80,повар холодного,25000,,2,PIZZA BAR,Симферополь
81,повар горячего,25000,,2,PIZZA BAR,Симферополь
82,менеджер,25000,40000,2,"Undersun, группа компаний",
83,пиццмейкер,25000,,2,PIZZA BAR,Симферополь
84,официант,15000,30000,2,"Сеть ресторанов Pro Sushi, Beshka, ДОМА пицца, PandaBar",Краснодар
85,менеджер,15000,50000,2,1001 тур,
86,повар,36000,44000,2,РЕОЛ,
87,бармен,,30000,2,РЕОЛ,
88,администратор,30000,30000,2,РЕОЛ,
89,официант,30000,50000,2,РЕОЛ,Адлер
90,администратор,30000,30000,2,РЕОЛ,Сочи
91,повар,28000,35000,2,МегаСтафГрупп,Сочи
92,повар,33500,,2,Radisson Blu Resort & Congress Centre,Сочи
93,официант,30000,50000,2,РЕОЛ,Сочи
94,повар-универсал,30000,44000,2,РЕОЛ,Сочи
95,администратор,90000,150000,2,ИСМИРА,Сочи
96,менеджер,,48000,2,Radisson Blu Resort & Congress Centre,Сочи
97,администратор,,30000,2,Хостел Морской,Сочи
98,повар универсал,38000,45000,2,Банкетный зал Рафаэль,
99,шеф-повар,80000,120000,2,DelMar Family Project,Сочи
100,повар,25000,33000,2,РЕСТА НОВА,
101,повар,34000,34000,2,НАДИ,Краснодар
102,бармен,25000,30000,2,РЕСТА НОВА,
103,менеджер,40000,45000,2,РЕСТА НОВА,
104,консьерж,30000,30000,2,Apart Polyana,Красная Поляна
105,менеджер,50000,90000,2,ресторан Станъ,Краснодар
106,менеджер,25000,27000,2,SUBWAY,Краснодар
107,администратор,15000,30000,2,Ахиллеон Парк Бутик Отель 4*,Геленджик
108,повар-универсал,35000,40000,2,Куцый Василий Андреевич,
109,повар-универсал,35000,40000,2,Куцый Василий Андреевич,
110,повар-универсал,35000,40000,2,Куцый Василий Андреевич,
111,cтюардесса/стюард,120000,180000,2,ГК Морской персонал,Краснодар
112,пиццмейкер,,25000,2,"Сеть ресторанов Pro Sushi, Beshka, ДОМА пицца, PandaBar",Краснодар
113,специалист,20000,40000,2,Проф Паблисити,Новороссийск
114,бармен,25000,,2,АТЭК,Новороссийск
115,администратор,17000,20000,2,Карапетьян А.А.,Краснодар
116,менеджер,30000,40000,2,РЕСТАР,
117,горничная,18000,,2,Новый Свет,
118,уборщик,22000,,2,МегаСтафГрупп,Сочи
119,горничная,25000,25000,2,Аэропорт Девелопмент,Геленджик
120,помощник повара,13000,18000,2,"Лента, федеральная розничная сеть",Краснодар
121,руководитель отдела,50000,60000,2,РЕОЛ,
122,официант-бармен,28000,35000,2,МегаСтафГрупп,Сочи
123,официант,20000,,2,Сеть ресторанов быстрого обслуживания [Ёха],Краснодар
124,бармен-кассир,25000,,2,Сеть ресторанов быстрого обслуживания [Ёха],Краснодар
125,менеджер,25000,,2,Сеть ресторанов быстрого обслуживания [Ёха],Краснодар
126,продавец-кассир,25000,,2,Сеть ресторанов быстрого обслуживания [Ёха],Краснодар
127,администратор,20000,,2,СКО Адлеркурорт,Сочи
128,администратор,27000,,2,Palmira Palace,
129,хаусмен,25000,25000,2,Мостовик Девелопмент,Сочи
130,официант,25000,,2,Аэропорт Девелопмент,Анапа
131,администратор,25000,,2,СКО Адлеркурорт,Сочи
132,матрос-спасатель,15000,,2,СКО Адлеркурорт,Сочи
133,бармен,30000,,2,Инал Бэй,Краснодар
134,администратор,35000,,2,Монолит,
135,мойщик посуды,20000,,2,"ФГБУ Объединенный санаторий Сочи, УДП РФ",Сочи
136,повар-универсал,23000,,2,"ФГБУ Объединенный санаторий Сочи, УДП РФ",Сочи
137,бармен,30000,,2,Аукцион,Красная Поляна
138,матрос-спасатель,25000,,2,Юниверсити Плаза,Сочи
139,аниматор,30000,30000,2,Вилла Феллини,Судак
140,администратор,35000,35000,2,Вилла Феллини,Судак
141,аниматор,30000,,2,"JAZZ, туристическая компания",
142,пекарь,30000,,2,Перекресток,Сочи
143,агент,33333,33333,2,"Красная Поляна, НАО",Сочи
144,официант,25000,25000,2,Клиника Екатерининская,Краснодар
145,официант,15000,,2,Гостиница Севастополь и СПА,Севастополь
146,шеф-повар,50000,,2,Сафари-парк,Краснодар
147,менеджер,50000,70000,2,Южный Берег,Сочи
148,су-шеф,30000,40000,2,"Фанагория, АПФ",
149,отельный гид,40000,,2,Библио Глобус Крым,Симферополь
150,повар,25000,30000,2,Гостиница Севастополь и СПА,Севастополь
151,повар универсал,30000,,2,Гостиница Севастополь и СПА,Севастополь
152,повар горячего,50000,80000,2,Жемчужина,Темрюк
153,менеджер,35000,50000,2,ГЛИНФОРТ,
154,повар горячего,23000,25000,2,Перекресток,Краснодар
155,менеджер,,50000,2,Skyeng,
156,manager-teacher,,50000,2,Skyeng,
157,demo-teacher,,50000,2,Skyeng,
158,мясник,23000,26000,2,Перекресток,Краснодар
159,повар,28000,32000,2,Перекресток,Краснодар
160,повар-универсал,30000,,2,Суп Групп,Краснодар
161,повар-универсал,24000,25000,2,Перекресток,Краснодар
162,бармен,20000,30000,2,Alean Family Resort Collection,Геленджик
163,повар,23000,28000,2,Санаторий Сосновая роща,
164,руководитель проекта/управляющий,50000,80000,2,МФЮЦ СОЧИ,Сочи
165,заместитель начальника,46800,57500,2,"Лента, федеральная розничная сеть",
166,менеджер,20000,,2,Приарт-Юг,Ялта
167,повар-универсал,45000,,2,Hotel Kuchugury,Керчь
168,официант-бармен,30000,,2,Hotel Kuchugury,Ялта
169,повар,22000,27000,2,Ресторан М-Клуб,Кропоткин
170,управляющий,35000,,2,ХЭППИ СИЗОНС ХОТЕЛС ГРУП,
171,управляющий,35000,,2,ХЭППИ СИЗОНС ХОТЕЛС ГРУП,
172,администратор,16000,,2,Отель КоржовЪ,Краснодар
173,администратор,26000,28000,3,"Красная Поляна, НАО",Сочи
174,повар,20000,30000,3,Мини отель Адмирал,
175,повар,20000,30000,3,Мини отель Адмирал,
176,смены,39900,43800,3,"МАГНИТ, Розничная сеть",
177,смены,35200,38600,3,"МАГНИТ, Розничная сеть",
178,повар кулинарии,25700,26200,3,"МАГНИТ, Розничная сеть",
179,повар-универсал,27900,33200,3,"МАГНИТ, Розничная сеть",
180,заведующий пекарней,35600,68800,3,"МАГНИТ, Розничная сеть",
181,заведующий кулинарным,36500,70500,3,"МАГНИТ, Розничная сеть",
182,шеф-повар,60000,100000,3,Кафе NOTE BENE Анапа,
183,разносчик багажа,23000,23000,3,УК Сезоны,Сочи
184,менеджер,30000,,3,"Розовый слон, туристическая компания",Краснодар
185,официант,26000,28000,3,Sea Galaxy Hotel Congress & Spa,Сочи
186,портье,35000,,3,Гранд отель Жемчужина,Сочи
187,повар-универсал,30000,35000,3,Гранд отель Жемчужина,Сочи
188,официант,27000,,3,Гранд отель Жемчужина,Сочи
189,повар,25000,40000,3,ГК Файт,Новороссийск
190,менеджер,60000,300000,3,Олимп,
191,повар горячего,19000,,3,Оскар,Краснодар
192,повар холодного,19000,,3,Оскар,Краснодар
193,су-шеф/старший повар,40000,45000,3,«Донатс & Кофе» (ИП Степанов Е.И.),Краснодар
194,специалист,30000,,3,Тревел Менеджмент Консалтинг,Краснодар
195,деми шеф-де-парти,30000,30000,3,"Красная Поляна, НАО",Сочи
196,повар горячего,36000,44000,3,РЕОЛ,Адлер
197,официант,20000,20000,3,Ибис Краснодар,Краснодар
198,повар холодного,27000,35000,3,РЕОЛ,Адлер
199,уборщик производственных,10500,,3,Кредо,Армавир
200,официант,25000,,3,"ООО «Свод Интернешнл» (ГТЦ ПАО «Газпром», ГК «Альпика», ГК «Гранд Отель Поляна», ГК «Поляна 1389 Отель и СПА», ОКЦ «Галактика», ЛБК «Лаура»)",Сочи
201,повар-пиццер,27000,35000,3,РЕОЛ,
202,аниматор,23700,26000,3,Резиденция «Крымский Бриз»,Ялта
203,ведущий вечеринок,45000,,3,Желтая рыба,Феодосия
204,администратор-кассир,30000,,3,Куцый Василий Андреевич,
205,менеджер,20000,,3,Проф Паблисити,Новороссийск
206,официант,20000,,3,Palmira Palace,
207,помощник менеджера,25000,35000,3,ТВИЛ,Краснодар
208,администратор-кассир,21000,26000,3,АвтоМиг,Новороссийск
209,подсобный рабочий,25330,,3,ФГБУ «Юг Спорт»,Сочи
210,повар,30000,,3,Palmira Palace,
211,продавец магазина,20000,,3,Alean Family Resort Collection,Анапа
212,реализатор экскурсионных,,40000,3,Турбюро Визит-Крым,Севастополь
213,су-шеф,70000,90000,3,Боннет,Сочи
214,специалист,,30700,3,Radisson Blu Resort & Congress Centre,Сочи
215,официант,30000,40000,3,ВАСМА ЛТД,Ялта
216,повар-универсал,40000,40000,3,Лукор,Сочи
217,уборщица/уборщик,15000,,9,Biblos,Краснодар
218,администратор,22500,30000,3,Анапское взморье,Анапа
219,декоратор,30000,,9,"Патрик & Мари, сеть кулинарий",Краснодар
220,начальник службы,29000,45000,3,Санаторий Айвазовское,Алушта
221,администратор,15000,,3,"Кристалл, Велнес-Клуб",Краснодар
222,менеджер,50000,,3,Трэвл Центр,Сочи
223,менеджер,50000,,3,Трэвл Центр,Сочи
224,официант,22000,,3,"Тануки, японский ресторан",
225,менеджер,30000,,3,"Тануки, японский ресторан",
226,уборщик производственных,17000,21000,3,Продуниверсал,Симферополь
227,обвальщик мяса,23000,25000,3,Яблоко,
228,бариста,35000,,3,SURF COFFEE COMPANY,Красная Поляна
229,администратор,30000,35000,3,Роза Хутор,
230,администратор,25000,30000,3,Роза Хутор,
231,менеджер,35000,,3,Роза Хутор,Сочи
232,горничная,350,350,3,Гостиница Viva,
233,повар,1900,2100,3,Минами,Анапа
234,пекарь,25000,25000,3,Екатеринодарский торговый дом,Краснодар
235,рабочий,15500,19500,3,Alean Family Resort Collection,Анапа
236,повар для,28000,,3,Торговая сеть ТАБРИС,Краснодар
237,повар,28000,30000,3,Торговая сеть ТАБРИС,Краснодар
238,пекарь,28000,30000,3,Торговая сеть ТАБРИС,Краснодар
239,повар,28000,30000,3,Торговая сеть ТАБРИС,Краснодар
240,повар горячего,,37100,3,"МАГНИТ, Розничная сеть",Краснодар
241,пекарь-кондитер,,33000,3,Роза Хутор,
242,руководитель отдела,60000,,3,Flute service,Краснодар
243,менеджер,60000,60000,3,Русский лес,Краснодар
244,официант шведской,25000,,3,Роза Хутор,Сочи
245,специалист,60000,200000,3,Олимп,
246,менеджер,60000,300000,3,Олимп,
247,уборщица/уборщик,28000,,3,МегаСтафГрупп,Сочи
248,повар горячего,27000,,3,Т-кафе,Краснодар
249,специалист,60000,200000,3,Олимп,Сочи
250,официант,20000,,3,Вилла Аль Марин,
251,хостес,25000,,3,СпецСтройКубань,Краснодар
252,администратор,20000,,3,Вилла Аль Марин,
253,уборщица/уборщик,28000,,3,МегаСтафГрупп,Сочи
254,обвальщик мяса,22000,24000,3,Яблоко,
255,специалист,60000,200000,3,Олимп,
256,повар,28000,35000,3,Сочи-Парк,Адлер
257,горничная,15000,,3,"Кристалл, Велнес-Клуб",Краснодар
258,повар,28000,35000,3,Сочи-Парк,Сочи
259,официант-бармен,18000,,3,Онейро,
260,уборщица/уборщик,15000,15000,3,Р-МОТОРС,
261,повар-сушист,30000,35000,3,Сервис Групп Плюс,
262,администратор,30000,,3,Сервис Групп Плюс,
263,официант,25000,,3,Сервис Групп Плюс,
264,бармен,35000,,3,Сервис Групп Плюс,
265,повар,25000,35000,3,Сервис Групп Плюс,
266,су-шеф,40000,,3,Сервис Групп Плюс,
267,матрос-спасатель,20000,,3,СтройСервис,
268,учитель английско‎го,1600,2000,3,Job in China,
269,пиццайоло,35000,,3,Отель-Римар,Краснодар
270,бармен лобби-бара,25000,,3,Отель-Римар,Краснодар
271,официант,25000,,3,Отель-Римар,Краснодар
272,специалист,25000,40000,3,Парк отель Порто Маре,Алушта
273,администратор,24500,,3,Парк отель Порто Маре,Краснодар
274,администратор,24500,,3,Парк отель Порто Маре,Сочи
275,администратор,24500,,3,Парк отель Порто Маре,Алушта
276,администратор,24500,,3,Парк отель Порто Маре,Ялта
277,менеджер,25000,40000,3,Центр Онлайн Бронирования,Краснодар
278,менеджер,25000,60000,3,Парк отель Порто Маре,
279,менеджер,25000,60000,3,Парк отель Порто Маре,
280,менеджер,25000,60000,3,Парк отель Порто Маре,
281,повар,30000,35000,3,«Донатс & Кофе» (ИП Степанов Е.И.),Краснодар
282,администратор,25000,35000,3,Кредо,Армавир
283,повар горячего,25000,,3,Кредо,
284,шеф-повар,50000,,3,Кредо,
285,официант,18000,,3,Кредо,Армавир
286,официант,15000,30000,3,Экспресс Сервис Юг,Адлер
287,формовщик-упаковщик,20200,25900,3,"МАГНИТ, Розничная сеть",
288,пекарь,34000,,3,Первая Пекарня,
289,повар-универсал,32000,32000,10,КЕАТ,Динская станица
290,официант,25000,50000,3,Жарова А. В.,
291,продавец/бариста,30000,35000,3,МФЮЦ СОЧИ,Сочи
292,менеджер,15000,35000,3,Спарта Тур,Симферополь
293,повар-универсал,30000,50000,3,Кантеев Герман Григорьевич,
294,врач педиатр,30000,50000,3,"КРИНИЦА, ДСОК",Геленджик
295,повар,15000,,11,Шляхов Игорь Валерьевич,
296,администратор,25000,,3,Гостиница Сокол,
297,водитель-курьер,,35000,3,Доминос,
298,повар,,25000,3,Доминос,
299,повар,30000,,3,Гостиница Сокол,
300,менеджер,35000,,3,Сеть ресторанов РИС,
301,пекарь-кондитер,30000,40000,3,Степанян Арсен Степанович ,Алушта
302,спасатель,27000,,3,Сочи-Парк,Адлер
303,администратор,22000,24000,3,"HR-problem.net, Центр кадровых решений",
304,менеджер,25000,,3,Сафари-парк,Краснодар
305,повар-бригадир,30000,,4,"Сеть ресторанов Pro Sushi, Beshka, ДОМА пицца, PandaBar",Краснодар
306,официант,22500,,4,"Сеть ресторанов Pro Sushi, Beshka, ДОМА пицца, PandaBar",Туапсе
307,администратор,30000,50000,4,Эволюция,Краснодар
308,горничная,32500,32500,4,Отель Звездный,Сочи
309,матрос-спасатель,27000,,4,Мостовик Девелопмент,Сочи
310,администратор,15000,25000,4,Кострюков Артём Александрович,Краснодар
311,менеджер,23000,,4,Рейна-Тур НТВ,Краснодар
312,повар универсал,30000,,4,"Атон, отель-ресторан",Краснодар
313,повар- мясник,34000,,4,Мостовик Девелопмент,Сочи
314,менеджер,80000,,4,Олимп,
315,кондитер,25000,26000,4,Alean Family Resort Collection,Анапа
316,кондитер,27000,27000,4,Газпром питание Филиал Краснодарское УООП,Краснодар
317,бармен,30000,,4,Сеть ресторанов РИС,
318,уборщик производственных,25000,,4,"ООО «Свод Интернешнл» (ГТЦ ПАО «Газпром», ГК «Альпика», ГК «Гранд Отель Поляна», ГК «Поляна 1389 Отель и СПА», ОКЦ «Галактика», ЛБК «Лаура»)",Сочи
319,мойщик посуды,25000,,4,"ООО «Свод Интернешнл» (ГТЦ ПАО «Газпром», ГК «Альпика», ГК «Гранд Отель Поляна», ГК «Поляна 1389 Отель и СПА», ОКЦ «Галактика», ЛБК «Лаура»)",Сочи
320,заместитель директора,30000,,4,Модная компания,
321,официант,60000,85000,4,JCat.ru,
322,администратор,35000,50000,4,Коннов Александр Владимирович,
323,су-шеф,35000,,4,Антей-Сервис,
324,врач-отолоринголог,30000,50000,12,"КРИНИЦА, ДСОК",Геленджик
325,спортивный аниматор,23000,38000,4,Парк отель Порто Маре,Алушта
326,официант,21000,25000,4,Маринс Парк Отель Сочи,Сочи
327,управляющий,100000,150000,4,"HR-problem.net, Центр кадровых решений",
328,повар горячего/холодного,40000,50000,4,"Легенда, ресторан средиземноморской кухни",
329,повар-универсал гипермаркета,17000,20300,4,"МАГНИТ, Розничная сеть",
330,горничная,35000,,4,МегаСтафГрупп,Сочи
331,официант,20000,30000,4,"Фанагория, АПФ",
332,формовщик,13900,19400,4,"МАГНИТ, Розничная сеть",Кореновск
333,повар-универсал гипермаркета,20900,21000,4,"МАГНИТ, Розничная сеть",
334,формовщик,15000,17900,4,"МАГНИТ, Розничная сеть",Ейск
335,пекарь-кондитер,20000,,4,«Донатс & Кофе» (ИП Степанов Е.И.),Краснодар
336,экскурсовод,15000,,4,Сафари-парк,Краснодар
337,официант,25000,,4,Твой бар,
338,повар-универсал ff11,35000,40000,4,Суп Групп,Краснодар
339,официант,30000,,4,Суп Групп,Краснодар
340,кондитер-универсал,30000,,4,Суп Групп,Краснодар
341,кавист/сомелье,30000,70000,4,Суп Групп,Краснодар
342,бармен-кассир,35000,50000,4,Суп Групп,Краснодар
343,бармен ff11,30000,,4,Суп Групп,Краснодар
344,барбэк,30000,,4,Суп Групп,Краснодар
345,бармен,,30000,4,РЕОЛ,Сочи
346,хостес,21000,21000,4,Мостовик Девелопмент,Сочи
347,официант,32000,38000,4,Шамбала,
348,"повар пицца,",,23000,4,Спектр (Сэндвич Хауз),Краснодар
349,менеджер,30000,36000,4,Роза Хутор,Сочи
350,администратор,27000,35000,4,Роза Хутор,Сочи
351,администратор,30000,,4,Роза Хутор,Сочи
352,бармен,16000,32000,4,Миндальная Роща,
353,администратор,30000,40000,4,Бутик-отель Монарх,Краснодар
354,специалист,45000,50000,4,«Чайхона №1» Братьев Васильчук,
355,руководитель экскурсионного,40000,60000,4,"Федеральный туроператор, открытие дополнительного направления - розничные продажи экскурсионных туров",
356,визовый менеджер,30000,,4,Единый Визовый Центр,Краснодар
357,администратор,,25000,4,Alean Family Resort Collection,Сочи
358,менеджер,30000,35000,4,Центр винного туризма Абрау Дюрсо,Новороссийск
359,пекарь,23000,25000,4,Хлебница,
360,пекарь,22000,25000,4,Хлебница,
361,пекарь,22000,25000,4,Хлебница,
362,ночной повар,25000,35000,4,Меньшов Игорь Олегович,Краснодар
363,стюард,19000,21000,13,«Родина кейтеринг»,Сочи
364,кондитер,20000,,13,Райт,Анапа
365,уборщик производственных,20000,,13,Райт,Анапа
366,технолог пекарни,32300,41900,4,"Лента, федеральная розничная сеть",Краснодар
367,официант-бармен,15000,,4,Hotel Constanta,
368,шеф-повар,80000,,4,Кронсайд,Красная Поляна
369,администратор,500,500,4,LEGALemplo.com,
370,помощник оператора,25000,,4,Сочи-Парк,
371,повар,30000,30000,4,Сочи-Парк,Сочи
372,кухонный рабочий,20000,,4,"ФГБУ Объединенный санаторий Сочи, УДП РФ",Сочи
373,повар-сушист,28000,32000,4,Якитория,Краснодар
374,официант,,25000,4,Инал Бэй,Краснодар
375,горничная,27000,27000,4,Сочи-Парк,Сочи
376,официант,27000,,4,Сочи-Парк,
377,официант,35000,60000,4,Якитория,Краснодар
378,бармен,25000,31000,4,Сочи-Парк,Сочи
379,матрос спасатель,20000,20000,5,Гранд отель Жемчужина,Сочи
380,повар-универсал,30000,40000,5,Смак,
381,менеджер,20000,50000,5,"РУСЬ, Группа компаний",
382,официант,15000,25000,5,Монолит,
383,официант,15000,25000,5,Монолит,
384,официант,15000,25000,5,Монолит,
385,главный бухгалтер,,60000,5,Монолит,
386,уборщик помещений,15500,,5,Alean Family Resort Collection,Анапа
387,продавец-консультант,30000,,5,Билайн,
388,менеджер,27000,,5,БУРГЕР КИНГ РОССИЯ,Анапа
389,администратор,26500,,5,Аэропорт Девелопмент,Геленджик
390,администратор,30000,,5,"Платан Южный, Отель",Краснодар
391,администратор-кассир,30000,,5,Куцый Василий Андреевич,
392,управляющий,70000,100000,5,РЕОЛ,
393,стюардесса/стюард вип-яхты,120000,150000,5,Школа стюардесс «Marina-School»,Краснодар
394,специалист guest,24200,,5,Alean Family Resort Collection,Геленджик
395,менеджер,25000,60000,5,Бердашева Анастасия,Сочи
396,специалист guest,24200,,5,Alean Family Resort Collection,Краснодар
397,бармен,22500,,5,"Сеть ресторанов Pro Sushi, Beshka, ДОМА пицца, PandaBar",Новороссийск
398,кальянщик,15000,,5,"Сеть ресторанов Pro Sushi, Beshka, ДОМА пицца, PandaBar",
399,менеджер,18000,25000,5,"Сеть ресторанов Pro Sushi, Beshka, ДОМА пицца, PandaBar",Краснодар
400,кондитер,26000,26000,5,НАДИ,Краснодар
401,повар горячего,25000,40000,5,Плезир,Краснодар
402,консьерж,25000,,5,Mriya Resort & SPA,Симферополь
403,матрос-спасатель береговой,27000,28000,5,ФГАУ ОК Дагомыс УДП РФ,Сочи
404,шеф-повар,80000,,5,Grand cafe Alen Rosso,Сочи
405,менеджер,20000,50000,5,Руссо Туристо,Краснодар
406,посудомойщица/посудомойщик,30000,35000,5,Карамба,
407,администратор,20000,40000,5,Новиков Вадим Олегович,
408,повар,40000,50000,5,Карат,
409,тренер,15000,25000,5,Orange fitness,Краснодар
410,бариста,18000,30000,5,Вкусология (Памукчи Екатерина Николаевна),Сочи
411,управляющий,40000,,5,Сафари-парк,Краснодар
412,мойщик посуды,19000,,5,ОКЕЙ – Федеральная розничная сеть,Краснодар
413,бармен,30000,50000,5,Fanconi Beach,Ялта
414,гopничная,35000,,5,МегаСтафГрупп,Сочи
415,горничная,35000,,5,МегаСтафГрупп,Эстосадок
416,пекарь-кондитер,24800,29500,5,ОКЕЙ – Федеральная розничная сеть,Краснодар
417,менеджер,30000,70000,5,ЮгОпт,
418,менеджер,30000,70000,5,ЮгОпт,
419,агент,,25000,5,Юниверсити Плаза,Сочи
420,официант,25000,,5,Юниверсити Плаза,Сочи
421,бармен,25000,,5,Юниверсити Плаза,Сочи
422,специалист,30000,35000,5,Staff and Service,
423,менеджер,30000,60000,5,ДРУГИЕ МЕСТА,Краснодар
424,хостес,13000,13000,5,Сеть ресторанов РИС,
425,директор ресторана,60000,,5,Сеть ресторанов РИС,
426,менеджер,25000,70000,5,Отпуск Проджект,Краснодар
427,менеджер,35000,,5,Отель «Чеботаревъ»,Сочи
428,повар-мясник,30000,40000,5,ЮгОпт,Краснодар
429,повар горячего,30000,,5,Сеть ресторанов РИС,
430,повар-сушист,27000,,5,Сеть ресторанов РИС,
431,носильщик багажа,20000,,5,Alean Family Resort Collection,Сочи
432,официант кафе,19140,,5,Мусороуборочная компания,Краснодар
433,администратор,27500,,5,Мусороуборочная компания,Краснодар
434,уборщица-посудомойщица/уборщик-посудомойщик,,20000,5,Вкуснолюбов,Краснодар
435,шеф-повар,35200,45400,5,ОКЕЙ – Федеральная розничная сеть,Краснодар
436,повар,24800,,5,ОКЕЙ – Федеральная розничная сеть,Краснодар
437,помощник повара,,26400,5,"МАГНИТ, Розничная сеть",Краснодар
438,менеджер,20000,40000,5,Соллинс-Тур,Новороссийск
439,администратор,35000,40000,5,Холдинг Роял Тайм Групп,Ейск
440,официант,25000,40000,5,Холдинг Роял Тайм Групп,Ейск
441,администратор,24000,30000,5,Холдинг Роял Тайм Групп,Ейск
442,администратор,28000,35000,5,Холдинг Роял Тайм Групп,
443,администратор,28000,35000,5,Холдинг Роял Тайм Групп,
444,администратор,35000,40000,5,Холдинг Роял Тайм Групп,
445,администратор,28000,35000,5,Холдинг Роял Тайм Групп,
446,администратор,28000,35000,5,Холдинг Роял Тайм Групп,
447,бухгалтер материалист,20000,25000,5,Холдинг Роял Тайм Групп,Ейск
448,управляющий,30000,,5,ГП Красноармейская,Сочи
449,автор работ,30000,90000,5,Homework,
450,автор работ,30000,90000,5,Homework,
451,повар,26500,,5,УГК Космос Групп,Сочи
452,receptionist,25000,,5,УГК Космос Групп,Сочи
453,бармен,22000,,5,Costa Rusa,
454,повар-пекарь,25000,,5,Costa Rusa,
455,менеджер,50000,150000,5,Олимп,Сочи
456,повар-пекарь,30000,,5,Costa Rusa,
457,повар-пекарь,25000,,5,Costa Rusa,
458,повар-сушист,22500,,5,Costa Rusa,
459,администратор,24000,,5,Costa Rusa,
460,администратор,22500,,5,Costa Rusa,
461,тандырщик-мангальщик,24750,,5,Costa Rusa,
462,тандырщик-мангальщик,22500,,5,Costa Rusa,
463,кухонный рабочий,16500,,5,Costa Rusa,
464,аниматор,15000,,5,Costa Rusa,
465,помощник администратора,15000,,5,Costa Rusa,
466,официант,20000,,5,Costa Rusa,
467,администратор,20000,25000,5,Costa Rusa,
468,кавист,35000,50000,5,Торговая сеть ТАБРИС,
469,бармен,40000,75000,5,Эллада,
470,администратор,35000,,5,Деокон,
471,администратор,35000,,5,Деокон,
472,администратор,35000,,5,Деокон,
473,менеджер,25000,,5,Маринс Парк Отель Сочи,Сочи
474,шеф-повар/су-шеф,48000,,5,СКО Адлеркурорт,Сочи
475,шеф-кондитер,35000,42000,5,СКО Адлеркурорт,Сочи
476,менеджер,20000,25000,5,Маринс Парк Отель Сочи,Сочи
477,ассистент,23000,40000,5,Global Trade Service Company,Приморский (Республика Крым)
478,повар,30000,,5,Каракаш. Н.Д.,
479,пекарь-лепщик,30000,40000,5,Matreshka,Краснодар
480,официант,30000,,5,"HR-problem.net, Центр кадровых решений",
481,пекарь-кондитер,27000,40000,5,КофеБулка,
482,менеджер,25000,,5,Випсервис,
483,официант,40000,,5,Чайхана Павлин Мавлин,
484,администратор,50000,60000,6,Апельсин,
485,менеджер,37500,,6,Мадьяр,Краснодар
486,водитель-курьер,36000,45000,6,Мадьяр,Краснодар
487,повар холодного,30000,60000,6,Ресторан «Высота»,Адлер
488,повар,30000,60000,6,Ресторан «Высота»,Адлер
489,официант,25000,45000,6,ресторан Станъ,Краснодар
490,су-шеф,45000,50000,6,РЕОЛ,Сочи
491,сторож,22600,,6,Alean Family Resort Collection,Анапа
492,оператор службы,26000,26000,6,РЕОЛ,Сочи
493,воспитатель,22000,22000,6,РЕОЛ,Адлер
494,повар-универсал,50000,80000,6,IRISH PUB,
495,повар,35000,50000,6,Бэкстэйдж,Сочи
496,официант,18000,23000,6,Orange fitness,Краснодар
497,специалист сервисного,25000,,6,Alean Family Resort Collection,Анапа
498,администратор,30000,,6,Alean Family Resort Collection,
499,носильщик багажа,13000,,6,Alean Family Resort Collection,
500,повар-универсал,25000,28000,6,Alean Family Resort Collection,
501,пекарь-кондитер,22000,22000,6,Alean Family Resort Collection,Анапа
502,шеф-повар,90000,,6,Бэкстэйдж,Сочи
503,бармен,24000,,6,"ФГБУ Объединенный санаторий Сочи, УДП РФ",Сочи
504,кассир,,25000,6,Вкуснолюбов,Адлер
505,администратор,,26000,6,Развитие,Краснодар
506,специалист guest,22000,24200,6,Alean Family Resort Collection,Новороссийск
507,хостес,23000,,6,"ФГБУ Объединенный санаторий Сочи, УДП РФ",Сочи
508,кондитер старший,28000,32000,6,Харченко А.Л.,Краснодар
509,уборщица/техническая служащая,13500,,6,Biblos,Краснодар
510,администратор,29260,,6,ФГБУ «Юг Спорт»,Сочи
511,официант,25000,,6,Biblos,Краснодар
512,менеджер,25000,60000,6,ТВК групп,
513,супервайзер,25000,,6,Мостовик Девелопмент,Сочи
514,оператор управления,45000,,6,Домейн,Краснодар
515,официант,23000,25000,6,Аэропорт Девелопмент,Сочи
516,администратор,20000,,6,Отель Majestic,Ялта
517,заместитель директора,34000,,6,БУРГЕР КИНГ РОССИЯ,Новороссийск
518,заместитель директора,34000,,6,БУРГЕР КИНГ РОССИЯ,Анапа
519,повар,17000,18000,18,Детский санаторий для больных туберкулезом Горный воздух,
520,повар,40000,,6,Отель Majestic,
521,повар,40000,,6,Отель Majestic,
522,бармен-бариста,25000,,6,Сомелье,
523,хостес,15000,,6,Смак,Симферополь
524,администратор,25000,,6,Смак,Симферополь
525,повар,20000,24000,6,"Тануки, японский ресторан",
526,повар кулинарии,29700,33700,6,"МАГНИТ, Розничная сеть",
527,повар,30000,45000,6,Сеть кофеен Шоколадница,
528,официант,25000,,6,Сеть кофеен Шоколадница,Адлер
529,бармен-кассир/бариста,15000,,6,Сеть кофеен Шоколадница,Краснодар
530,повар,20000,25000,6,Сеть кофеен Шоколадница,Краснодар
531,горничная,,24000,6,Роза Хутор,
532,повар горячего,25000,30000,6,"Сеть ресторанов Pro Sushi, Beshka, ДОМА пицца, PandaBar",Краснодар
533,начальник культурно-массового,27400,,6,Санаторий Южное Взморье,Сочи
534,официант,19000,,6,Санаторий Южное Взморье,Адлер
535,менеджер,40000,,6,Корпорация ЭЛАР,
536,менеджер,28000,40000,6,Суп Групп,
537,специалист,16000,,6,"Надежда. SPA & Морской рай, курортный комплекс",
538,специалист,16000,,6,"Надежда. SPA & Морской рай, курортный комплекс",
539,воспитатель,22000,,6,Мостовик Девелопмент,Сочи
540,пекарь-кондитер,30000,,6,Alean Family Resort Collection,Сочи
541,повар мясного,30000,,6,Alean Family Resort Collection,Сочи
542,кассир,26000,,6,Вкуснолюбов,Краснодар
543,работник блинного,20000,25000,6,Вкуснолюбов,Краснодар
544,продавец-блинопек,20000,25000,6,Вкуснолюбов,Краснодар
545,продавец-блинопек,23000,,6,Вкуснолюбов,Краснодар
546,горничная,18000,25000,6,Гостиничный комплекс Астория,
547,повар горячего,30000,,6,Alean Family Resort Collection,Сочи
548,повар,30000,,6,FIFTY GYM,
549,бармен,20000,,6,FIFTY GYM,
550,мастер паровых,25000,33000,6,Домейн,Сочи
551,бармен,41000,,6,Домейн,Сочи
552,официант,30000,40000,6,ГЛАВКАФЕ,
553,повар-пиццайол,30000,35000,6,Сервис Групп Плюс,
554,администратор,25000,,6,Alean Family Resort Collection,Анапа
555,повар горячего,27000,,6,Alean Family Resort Collection,Анапа
556,повар пиццы,28000,30000,6,Торговая сеть ТАБРИС,Краснодар
557,управляющий,60000,100000,6,Сервис Групп Плюс,
558,повар горячего,28000,30000,6,Торговая сеть ТАБРИС,Краснодар
559,кальянщик,15000,,6,"Сеть ресторанов Pro Sushi, Beshka, ДОМА пицца, PandaBar",Краснодар
560,бармен,17000,,6,Санаторий «Golden»,
561,бармен,17000,,6,Санаторий «Golden»,
562,бармен,17000,,6,Санаторий «Golden»,
563,бармен,17000,,6,Санаторий «Golden»,
564,бармен,17000,,6,Санаторий «Golden»,
565,бармен,17000,,6,Санаторий «Golden»,
566,бармен,17000,,6,Санаторий «Golden»,
567,бармен,17000,,6,Санаторий «Golden»,
568,бармен,17000,,6,Санаторий «Golden»,
569,бармен,17000,,6,Санаторий «Golden»,
570,бармен,17000,,6,Санаторий «Golden»,
571,бармен,17000,,6,Санаторий «Golden»,
572,бармен,17000,,6,Санаторий «Golden»,
573,повар-универсал,30000,35000,6,«Родина кейтеринг»,Краснодар
574,шеф-повар,70000,80000,6,КА ГОРОД,
575,менеджер,31000,31000,6,"Норильский никель, ГМК",Сочи
576,администратор,25000,,6,Отель Звездный,Сочи
577,официант,21700,32600,6,Отель Звездный,Сочи
578,формовщик,17000,20000,6,Сочинский хлебокомбинат,Сочи
579,пекарь-мастер,30000,35000,6,Сочинский хлебокомбинат,Сочи
580,помощник повара,18000,18000,6,Производственно-коммерческая фирма «ДиПОС,Краснодар
581,повар,35000,,6,Центр винного туризма Абрау Дюрсо,
582,су-шеф,,43000,6,"МАГНИТ, Розничная сеть",Краснодар
583,бармен,25000,,6,Helenendorf,Краснодар
584,повар,,22500,6,Русский лён,
585,водитель автокрана,35000,,19,Лазурный берег,
586,менеджер,60000,80000,6,Галкпром,Красная Поляна
587,горничная,800,,20,Анапское взморье,Анапа
588,повар,30000,,6,Эстетик,
589,технический работник,,30000,6,САНСЕТ,
590,разнорабочий,,30000,6,САНСЕТ,
591,администратор,,25000,7,Управляющая компания «Русский Дом»,Сочи
592,кондитер,25000,,7,"ФГБУ Объединенный санаторий Сочи, УДП РФ",Сочи
593,управляющий,10000,40000,7,Makava,Абинск
594,помощница/помощник,,21000,7,САНСЕТ,
595,повар-сушист,1500,1500,22,Ионина Мария Сергеевна,
596,специалист,25000,50000,7,Workle,
597,специалист,25000,50000,7,Workle,
598,повар,40000,,7,Этика,
599,кавист,40000,60000,7,"Меркурий, ГК",
600,арт-директор,40000,50000,8,РЫБАЦКАЯ ДЕРЕВНЯ,
601,администратор,15000,,8,Мини Отель В ДВУХ ШАГАХ,Краснодар
602,кассир-администратор,25000,35000,8,Суши-магазин Имбирь,Адлер
603,менеджер,30000,,8,БУРГЕР КИНГ РОССИЯ,
604,обвальщик мяса,23000,,8,Крымопт,
605,горничная,25000,26000,26,Аукцион,Красная Поляна
606,кухонный работник,15000,,26,FIFTY GYM,
607,стюард,35000,,8,Сочи-Парк,Сочи
608,бариста,25000,,8,Biblos,Краснодар
609,директор ресторана,60000,,8,KFC (Yum! Brands),
610,директор ресторана,85000,,8,KFC (Yum! Brands),
611,менеджер,30000,,8,Ефименко Д.А.,
612,заведующий производством,83000,83000,8,Арктик Катеринг Сервис,
613,пекарь-кондитер,27000,,9,Парк отель Порто Маре,Алушта
614,су-шеф,70000,,9,Парк отель Порто Маре,Алушта
615,менеджер,33000,,9,ЛЮКСОР,
616,оператор управления,45000,,9,Домейн,Сочи
617,повар-универсал,33000,,9,Кронсайд,Сочи
618,повар,32000,,9,Перекресток,Новороссийск
619,бармен,25000,,9,ВЕТЕР 2.0,
620,менеджер,,37000,9,Роза Хутор,Сочи
621,повар ресторана,,40000,27,Песочная бухта,
622,специалист визового,24000,,9,ВиЭф Сервисес,
623,продавец-кассир кондитерской,18000,,9,"Любо, Сеть ресторанов",
624,повар-сушист,20000,25000,27,Фоменко Оксана Владимировна,
625,кондитер,39000,,9,Роза Хутор,
626,спасатель,25000,,9,АТЭК,Новороссийск
627,старшая горничная,25000,30000,9,Отель менеджмент,Анапа
628,директор ресторана,40000,,9,БУРГЕР КИНГ РОССИЯ,
629,менеджер,25000,,9,БУРГЕР КИНГ РОССИЯ,
630,повар горячего,27000,35000,9,"Патрик & Мари, сеть кулинарий",Краснодар
631,повар,21000,25000,9,Маринс Парк Отель Сочи,Сочи
632,портье,30000,,9,Роза Хутор,Сочи
633,повар,,32000,9,Роза Хутор,
634,руководитель транспортно-информационных,50000,,9,Staff and Service,
635,супервайзер транспортно-информационных,45000,,9,Staff and Service,
636,повар-сушист,45000,,9,MYBOX,
637,повар-сушист,45000,,9,MYBOX,
638,повар-сушист,45000,,9,MYBOX,
639,посудомойка,30000,35000,9,Отель Пиратская бухта,
640,пиццамейкер,30000,,28,ФГАУ ОК Дагомыс УДП РФ,Сочи
641,повар,40000,,9,Минами,Новороссийск
642,официант,20000,,9,ЛЮКСОР,Сочи
643,продавец-кассир/бармен-кассир,20000,,9,ЛЮКСОР,Сочи
644,контролер билетов,15000,,9,ЛЮКСОР,
645,повар,28000,,10,Филиал ООО РУСПАБ в г. Сочи,Сочи
646,разносчик багажа,25000,25000,10,Сочи-Парк,Сочи
647,игротехник,25000,28000,10,Сочи-Парк,Адлер
648,горничная,27000,27000,10,Сочи-Парк,Адлер
649,администратор,28000,35000,10,Меньшов Игорь Олегович,Краснодар
650,повар,33000,,10,"Миллениум, ГК",
651,повар,27000,,10,Т-кафе,Краснодар
652,пекарь или,30000,,10,ХоРеКа Инвест Групп,Краснодар
653,повар,30000,,10,ХоРеКа Инвест Групп,Краснодар
654,специалист,,22000,10,Mriya Resort & SPA,Ялта
655,официант,18500,30000,10,"Платан Южный, Отель",Краснодар
656,горничная,15000,,10,"Платан Южный, Отель",Краснодар
657,повар,25000,,10,"Платан Южный, Отель",Краснодар
658,менеджер,30000,,10,БУРГЕР КИНГ РОССИЯ,
659,повар холодного,30000,,10,АТЭК,Новороссийск
660,повар горячего,30000,,10,АТЭК,Новороссийск
661,бармен-официант,20000,30000,11,"Меркурий, ГК",Сочи
662,аниматор,16000,38000,11,Парк отель Порто Маре,Алушта
663,пекарь,,26000,11,Яблоко,
664,специалист,25000,,11,Mriya Resort & SPA,Ялта
665,шеф-повар японской,75000,100000,11,РЕОЛ,
666,кондитер,30000,,11,Юниверсити Плаза,Сочи
667,управляющий,70000,,11,Оскар,
668,тренер-спасатель,25000,,11,Роза Хутор,Сочи
669,шеф-аниматор,35000,,11,Санаторий «Golden»,
670,шеф-аниматор,35000,,11,Санаторий «Golden»,
671,шеф-аниматор,35000,,11,Санаторий «Golden»,
672,шеф-аниматор,35000,,11,Санаторий «Golden»,
673,шеф-аниматор,35000,,11,Санаторий «Golden»,
674,шеф-аниматор,35000,,11,Санаторий «Golden»,
675,шеф-аниматор,35000,,11,Санаторий «Golden»,
676,шеф-аниматор,35000,,11,Санаторий «Golden»,
677,шеф-аниматор,35000,,11,Санаторий «Golden»,
678,шеф-аниматор,35000,,11,Санаторий «Golden»,
679,шеф-аниматор,35000,,11,Санаторий «Golden»,
680,шеф-аниматор,35000,,11,Санаторий «Golden»,
681,шеф-аниматор,35000,,11,Санаторий «Golden»,
682,шеф-аниматор,35000,,11,Санаторий «Golden»,
683,шеф-аниматор,35000,,11,Санаторий «Golden»,
684,шеф-аниматор,35000,,11,Санаторий «Golden»,
685,менеджер,40000,,11,Гэлакси-3,Сочи
686,горничная,20000,,11,Киселев Александр Сергеевич,
687,администратор,,29000,11,Роза Хутор,Сочи
688,повар,25000,30000,11,Cеть раковарен Ивана Раковара,Краснодар
689,руководитель службы,15000,35000,11,New Stadium,
690,повар-сушист,45000,,11,MYBOX,
691,менеджер,20000,70000,11,СКК Знание,Сочи
692,повар,25000,,11,ГК Пегас,Краснодар
693,ночной повар,31000,36000,11,RODINA Grand Hotel & SPA,Сочи
694,официант,15000,35000,11,People City&Tasty Food,
695,бармен,25000,,11,ЛЮКСОР,Сочи
696,аниматор,25000,30000,11,Нарлен,Феодосия
697,бармен-официант,35000,,11,Санта Барбара,
698,повар,60000,,11,Отель Пиратская бухта,
699,менеджер,35000,,12,Гостинично-ресторанный комплекс Кипарис,Сочи
700,работник кухни,20000,,12,Сафари-парк,Краснодар
701,работник кухни,1300,,12,Карат,Краснодар
702,повар горячего,35000,,12,Карат,
703,заведующий общепитом,20000,30000,12,Вилла Валентина (Горобинский И.В.),Алушта
704,аниматор,25000,,12,"Меркурий, ГК",Адлер
705,шеф-повар,60000,,12,Санаторий Сосновая роща,
706,региональный представитель,,120000,12,ТВИЛ,Краснодар
707,горничная,22500,,12,Ибис Краснодар,Краснодар
708,повар-универсал,25000,32000,12,Gipoteza Project,Анапа
709,риэлтор-агент/менеджер,50000,150000,12,АСКА недвижимость,Сочи
710,специалист агентства,120000,,12,АСКА недвижимость,Сочи
711,администратор,23000,,12,Холдинг Роял Тайм Групп,Ейск
712,главный администратор,28000,35000,12,Холдинг Роял Тайм Групп,Ейск
713,повар-универсал,40000,100000,12,Отель РАЙ,Симферополь
714,мойщик посуды,,21400,12,Работа-это проСТО,
715,мойщик посуды,,25700,12,Работа-это проСТО,
716,горничная,15000,,12,Отель КоржовЪ,Краснодар
717,повар,25000,,12,Отель КоржовЪ,Краснодар
718,официант,20000,60000,12,Ресторан Библиотека,
719,менеджер,40000,,12,Роза Хутор,Сочи
720,шеф-повар/старший повар,35200,45400,12,ОКЕЙ – Федеральная розничная сеть,Краснодар
721,менеджер,25000,60000,12,Билет-СВ,Сочи
722,администратор,21500,,12,Группа компаний МЕДСИ,Ялта
723,формовщик,19000,19400,13,"МАГНИТ, Розничная сеть",
724,уборщица/уборщик,28000,,13,МегаСтафГрупп,Сочи
725,официант,23000,,13,УГК Космос Групп,Сочи
726,повар-универсал,40000,,13,Домейн,Сочи
727,носильщик белья,20000,,13,Alean Family Resort Collection,Анапа
728,воспитатель,24500,,13,Alean Family Resort Collection,Анапа
729,аниматор детский,24500,,13,Alean Family Resort Collection,
730,младший повар,22500,24500,13,«Родина кейтеринг»,Сочи
731,официант,25000,35000,13,«Родина кейтеринг»,Краснодар
732,официант залов,25000,,13,«Родина кейтеринг»,Анапа
733,официант залов,26000,,13,«Родина кейтеринг»,
734,кассир,20600,30000,13,«Родина кейтеринг»,Анапа
735,официант залов,24000,29000,13,«Родина кейтеринг»,Сочи
736,уборщик офисных,,15000,13,"МАГНИТ, Розничная сеть",Краснодар
737,кондитер гипермаркета,27600,31800,13,"МАГНИТ, Розничная сеть",
738,пекарь,22000,25000,13,Хлебница,
739,официант,20000,,13,Райт,Анапа
740,повар-универсал,27000,,13,JCat.ru,
741,повар,20000,,13,Райт,Анапа
742,повар,25000,,13,Лазурный берег,
743,повар -универсал,40000,,13,Твой бар,
744,пекарь-тестомес гипермаркета,23800,27600,13,"МАГНИТ, Розничная сеть",
745,официант,30000,,13,Смак,Симферополь
746,смены,28000,,13,МОНЭКС ТРЕЙДИНГ,Краснодар
747,швейцар,22000,,13,Роза Хутор,Сочи
748,официант,40000,,13,Домейн,Сочи
749,администратор,35000,,13,Домейн,Сочи
750,сомелье,55000,,13,Домейн,Сочи
751,аниматор-универсал,29700,,13,Alean Family Resort Collection,Геленджик
752,кондитер,35000,38500,13,Alean Family Resort Collection,Геленджик
753,кондитер,27000,29700,13,Alean Family Resort Collection,Новороссийск
754,кондитер,35000,38500,13,Alean Family Resort Collection,Краснодар
755,аниматор-универсал,29700,,13,Alean Family Resort Collection,Новороссийск
756,аниматор-универсал,29700,,13,Alean Family Resort Collection,Краснодар
757,менеджер,28000,36000,13,Сеть ресторанов РИС,
758,заместитель генерального,,100000,13,ЕвроСтройИнвест,Сочи
759,автор работ,20000,,13,Ворк,
760,повар,25000,40000,13,Парк отель Порто Маре,
761,аниматор отеля,450,500,13,Вита Юнион,Краснодар
762,администратор,20000,,13,Райт,Анапа
763,повар ресторана,30000,,13,ЛЕКС,
764,горничная,14800,,13,Санаторий Солнечный берег ВОС,
765,официант,14000,,13,Санаторий Солнечный берег ВОС,
766,мойщик посуды,,22300,13,Работа-это проСТО,
767,формовщик,,26840,13,Работа-это проСТО,
768,директор ночного,45000,,13,Меркурий,
769,личный секретарь-помощник,80000,100000,13,Сетевой отель Гостиница Новая,Сочи
770,агент,25000,50000,13,Workle,
771,менеджер,25000,50000,13,Workle,
772,хостес,25000,,13,Жуков Алексей Валерьевич,Краснодар
773,пекарь-кондитер,,30000,13,ХоРеКа Инвест Групп,Краснодар
774,официант,16000,30000,14,Гранат,
775,управляющий,80000,,14,Follow Me Cafe,Сочи
776,официант,40000,60000,14,Чайхана Павлин Мавлин,Симферополь
777,менеджер,30000,30000,14,Чайхана Павлин Мавлин,Симферополь
778,бармен/бариста,25000,,14,Чайхана Павлин Мавлин,Симферополь
779,администратор,30000,45000,14,DANIEL,
780,повар-универсал,25000,35000,14,Арт-кафе Летчики,Севастополь
781,кухонная рабочая/кухонный,25000,,15,Хичина Оксана,Новороссийск
782,вожатый,20000,,15,Парк отель Порто Маре,
783,вожатый,20000,,15,Парк отель Порто Маре,
784,повар-бригадир,,35000,15,Alean Family Resort Collection,Сочи
785,повар холодного,,24000,15,Alean Family Resort Collection,Сочи
786,официант шведской,,20000,15,Alean Family Resort Collection,Сочи
787,повар кулинарии,23200,27800,16,"МАГНИТ, Розничная сеть",
788,повар-универсал гипермаркета,23000,28800,16,"МАГНИТ, Розничная сеть",
789,официант,,28000,16,"МАГНИТ, Розничная сеть",Краснодар
790,пекарь-тестомес гипермаркета,18300,18300,16,"МАГНИТ, Розничная сеть",
791,спорт аниматор,,25000,16,Alean Family Resort Collection,Сочи
792,диетсестра,,25000,16,Alean Family Resort Collection,Сочи
793,шеф-аниматор,25000,,16,Райт,Анапа
794,ведущий просветительских,,45000,16,Образовательный Фонд «Талант и успех»,
795,шеф-повар,30000,55000,16,Райт,Анапа
796,повар-сушист,27000,40000,16,Райз Тренд,Краснодар
797,мобильный менеджер,35000,,16,Единый Визовый Центр,
798,шеф-повар,50000,50000,16,ТИР (Автокафе),Севастополь
799,повар,30000,,16,Перекресток,Новороссийск
800,повар,25000,35000,16,Cеть раковарен Ивана Раковара,Краснодар
801,администратор,24000,30000,16,Alean Family Resort Collection,Геленджик
802,начальник службы,50000,,16,SPA Hotel & Wellness «Приморье» ****,
803,начальник службы,50000,,16,SPA Hotel & Wellness «Приморье» ****,
804,бармен,28000,,16,Роза Хутор,Сочи
805,кладовщик,16000,,16,"Жемчужина России, ДСОК",Анапа
806,повар,1500,,16,Отель менеджмент,Анапа
807,портье,18000,,16,Ореанда Премьер Отель,Ялта
808,повар,40000,60000,16,АЙБИПИ ГРУПП,Сочи
809,повар,18000,26500,16,"Сеть ресторанов Pro Sushi, Beshka, ДОМА пицца, PandaBar",Туапсе
810,повар,,30000,16,Роза Хутор,
811,повар-универсал,30000,35000,16,Pizznroll,Краснодар
812,бармен-официант,22000,,16,Южная бухта,
813,повар-кондитер,30000,35000,16,Matreshka,Краснодар
814,повар-пиццерист,30000,35000,16,Pizznroll,Краснодар
815,повар,32000,40000,16,Wow шаурма,
816,администратор,26000,,16,Туристический комплекс Арго,Алушта
817,шеф-повар,40000,,16,Туристический комплекс Арго,
818,шеф-повар,40000,,16,Туристический комплекс Арго,
819,аниматор,18000,,16,Санаторий «Golden»,Алушта
820,аниматор,18000,,16,Санаторий «Golden»,Джанкой
821,аниматор,18000,,16,Санаторий «Golden»,Керчь
822,аниматор,18000,,16,Санаторий «Golden»,Севастополь
823,аниматор,18000,,16,Санаторий «Golden»,Симферополь
824,аниматор,18000,,16,Санаторий «Golden»,Феодосия
825,аниматор,18000,,16,Санаторий «Golden»,Ялта
826,менеджер,15000,100000,16,Vik-Tour,Краснодар
827,бармен,26000,26000,17,Мостовик Девелопмент,Сочи
828,официант,25000,,17,Мостовик Девелопмент,Сочи
829,повар,34000,,17,Мостовик Девелопмент,Сочи
830,повар-сушист,30000,35000,17,Pizznroll,Краснодар
831,преподаватель сомелье,10000,12000,17,Школа стюардесс «Marina-School»,Краснодар
832,бармен-официант,20000,,17,"Екатерининский, ЗАО Гостиничный комплекс",Краснодар
833,повар,25000,,17,Маруха Анна Юрьевна,Краснодар
834,бармен,30000,,17,TREND,
835,официант,20000,,17,"Любо, Сеть ресторанов",
836,повар,30000,,17,"Любо, Сеть ресторанов",
837,управляющий,100000,,17,Чайхана Павлин Мавлин,
838,официант,18000,,17,Санаторий Сосновая роща,
839,официант,30000,,17,Центр винного туризма Абрау Дюрсо,
840,хостес,20000,25000,17,Чайхана Павлин Мавлин,Симферополь
841,су-шеф,60000,,17,Мостовик Девелопмент,Сочи
842,заместитель главного,50000,,17,Мостовик Девелопмент,Сочи
843,мойщик посуды,25000,40000,17,Fusion management,
844,су-шеф,60000,,17,Fusion management,
845,отельный гид,20000,30000,17,Окрыляем успехом,Ялта
846,бармен,35000,60000,17,Fusion management,
847,повар,30000,70000,17,Fusion management,
848,помощник официанта,10000,40000,17,Fusion management,
849,официант,35000,,17,Fusion management,
850,менеджер,15000,,17,Ларанд ЛТД,Севастополь
851,повар-универсал,30000,,17,UNDERSUN Парк-Отель,
852,повар-универсал,22000,35000,17,Швед-сервис+,
853,официант,15000,25000,17,Швед-сервис+,
854,менеджер,30000,,17,КСКК АКВАЛОО,Сочи
855,специалист,50000,70000,17,Алкогольная Сибирская группа,
856,повар,14500,,17,Формула Вкуса,
857,заведующий производством,15500,,17,Формула Вкуса,
858,повар,30000,40000,17,ВИТАТЕХ,
859,официант,25000,,17,АТЭК,Новороссийск
860,администратор,30000,30000,17,АТЭК,Новороссийск
861,управляющий,100000,120000,17,Куктрип,
862,повар,25000,,17,Отель Анапа Лазурная,Анапа
863,официант,17000,,17,Отель Анапа Лазурная,Анапа
864,официант,16000,22000,17,Ресторан М-Клуб,Кропоткин
865,специалист административно-хозяйственного,40000,,18,Ростелеком,
866,официант,35000,35000,18,White Rabbit Family,
867,бариста-кассир,25000,25000,18,Т-кафе,Краснодар
868,менеджер,20000,,18,Виват,Анапа
869,администратор,,29500,18,Alean Family Resort Collection,Сочи
870,администратор,55000,56000,18,Гранат,
871,официант,16000,30000,18,Гранат,
872,пекарь-кондитер,35000,35000,18,Гранат,
873,повар универсал,35000,40000,18,Гранат,
874,администратор,30000,55000,18,Гранат,
875,менеджер,15000,,18,СТАДИ ЭНД ТРЭВЕЛ,Краснодар
876,повар горячего,40000,65000,18,МЕГА,Сочи
877,официант,33000,33000,18,Rixos Krasnaya Polyana Sochi,
878,менеджер,50000,100000,18,Группа Компаний МОСТ,Севастополь
879,повар,30000,40000,18,ВАСМА ЛТД,Гаспра
880,повар-шашлычник,38000,42000,18,Алексанян Ерванд Ашотович,
881,повар-универсал,38000,42000,18,Алексанян Ерванд Ашотович,
882,горничная,20000,25000,18,"КРИНИЦА, ДСОК",
883,официант,1500,,18,Резиденция Парк Шале (Романова С.Б.),Сочи
884,администратор,20000,30000,18,"Кулаков Дмитрий Игоревич (Два Маяка, гостевой дом)",
885,су-шеф,40000,,18,Скай,
886,мангальщик,30000,,18,Джемалединов Айдер Талятович,Ялта
887,помощник повара,25000,,18,Джемалединов Айдер Талятович,Ялта
888,повар-универсал,30000,70000,18,Джемалединов Айдер Талятович,Ялта
889,шеф-бариста,25000,,18,Ендальцев,
890,заместитель генерального,,100000,18,ЕвроСтройИнвест,Сочи
891,кондитер,30000,34000,19,FIDELE Симферополь,
892,администратор-кассир,30000,,19,Куцый Василий Андреевич,
893,бармен,28000,,19,SG Group,
894,повар,35000,50000,19,Пляж 117,Феодосия
895,бармен,30000,50000,19,Пляж 117,Феодосия
896,официант,20000,35000,19,Пляж 117,Феодосия
897,менеджер,20000,60000,19,Агентство ЮТС - Южный Туристический Сервис,
898,мойщик посуды,,26000,19,"Патрик & Мари, сеть кулинарий",Краснодар
899,горничная спа,23000,,19,Парк отель Порто Маре,Алушта
900,повар-официант,15000,,19,"Меркурий, ГК",Адлер
901,шеф-повар,,70000,19,Дельта,Щёлкино
902,руководитель сети,1000,,19,Смак,
903,менеджер,20000,40000,19,"СЕЛЕНА, Туристическая компания",Краснодар
904,бармен,25000,,19,Сеть ресторанов РИС,
905,директор гбдоу,100000,,19,Правительство Севастополя,
906,повар,30000,,19,Вкуснолюбов,Краснодар
907,заместитель директора,60000,80000,19,ФЛЭШ,
908,повар-универсал,30000,,19,FIFTY GYM,
909,носильщик багажа,16000,25000,19,Alean Family Resort Collection,Геленджик
910,повар,25000,,19,Costa Rusa,
911,повар,30000,,19,Costa Rusa,
912,повар-универсал,24000,,19,Costa Rusa,
913,повар-сушист,25000,,19,Costa Rusa,
914,официант,25000,,19,Costa Rusa,
915,официант,12000,,19,Costa Rusa,
916,бармен,22500,,19,Costa Rusa,
917,бармен,22500,,19,Costa Rusa,
918,повар универсал,30000,40000,19,Таверна-М,Краснодар
919,кухонный рабочий,16500,20000,19,Costa Rusa,
920,повар-универсал,25000,30000,19,"ВЕРНА, Страховое общество",
921,бармен,20000,25000,19,Библио Глобус Менеджмент,Сочи
922,официант,20000,25000,19,Библио Глобус Менеджмент,Сочи
923,су-шеф,35000,45000,19,Проф-Мастер,Краснодар
924,менеджер,30000,40000,19,MYBOX,
925,повар-сушист,45000,,19,MYBOX,
926,кухонный работник,12500,25000,19,Санаторий Ай-Петри,Гурзуф
927,уборщик производственных,12000,24000,19,Санаторий Ай-Петри,Гурзуф
928,бармен,18000,30000,19,Парк отель Порто Маре,Ялта
929,бармен,18000,30000,19,Парк отель Порто Маре,Алушта
930,аниматор,,20000,19,Вест Ист Груп,
931,повар,,42000,19,Вест Ист Груп,
932,арт-директор,30000,,19,SG Group,
933,директор стартап,25000,80000,19,Чернов К.К.,Краснодар
934,хостес,55000,80000,19,JCat.ru,Сочи
935,директор,60000,80000,19,"Ателика, УК",
936,повар-универсал,27000,35000,19,Чамян Саак Овакимович,Адлер
937,кухонный,15000,25000,19,Швед-сервис+,
938,ведущий просветительских,,45000,20,Образовательный Фонд «Талант и успех»,
939,менеджер,30000,40000,20,РЕОЛ,Сочи
940,кухонный работник,15000,27000,20,"TNN, Consulting Group",
941,кухонный работник,15000,27000,20,"TNN, Consulting Group",
942,кухонный работник,15000,27000,20,"TNN, Consulting Group",
943,кухонный работник,15000,27000,20,"TNN, Consulting Group",
944,кухонный работник,15000,27000,20,"TNN, Consulting Group",
945,кухонный работник,15000,27000,20,"TNN, Consulting Group",
946,кухонный работник,15000,27000,20,"TNN, Consulting Group",
947,кухонный работник,15000,27000,20,"TNN, Consulting Group",
948,кухонный работник,15000,27000,20,"TNN, Consulting Group",
949,кухонный работник,15000,27000,20,"TNN, Consulting Group",
950,кухонный работник,15000,27000,20,"TNN, Consulting Group",
951,кухонный работник,15000,27000,20,"TNN, Consulting Group",
952,кухонный работник,15000,27000,20,"TNN, Consulting Group",
953,кухонный работник,15000,27000,20,"TNN, Consulting Group",
954,кухонный работник,15000,27000,20,"TNN, Consulting Group",
955,кухонный работник,15000,27000,20,"TNN, Consulting Group",
956,кухонный работник,15000,27000,20,"TNN, Consulting Group",
957,кухонный работник,15000,27000,20,"TNN, Consulting Group",
958,кухонный работник,15000,27000,20,"TNN, Consulting Group",
959,кухонный работник,15000,27000,20,"TNN, Consulting Group",
960,официант,32000,,20,Роза Хутор,
961,официант,22000,29000,20,"TNN, Consulting Group",
962,официант,22000,29000,20,"TNN, Consulting Group",
963,официант,22000,29000,20,"TNN, Consulting Group",
964,официант,22000,29000,20,"TNN, Consulting Group",
965,официант,22000,29000,20,"TNN, Consulting Group",
966,официант,22000,29000,20,"TNN, Consulting Group",
967,официант,22000,29000,20,"TNN, Consulting Group",
968,официант,22000,29000,20,"TNN, Consulting Group",
969,официант,22000,29000,20,"TNN, Consulting Group",
970,официант,22000,29000,20,"TNN, Consulting Group",
971,официант,22000,29000,20,"TNN, Consulting Group",
972,официант,22000,29000,20,"TNN, Consulting Group",
973,официант,22000,29000,20,"TNN, Consulting Group",
974,официант,22000,29000,20,"TNN, Consulting Group",
975,официант,22000,29000,20,"TNN, Consulting Group",
976,официант,22000,29000,20,"TNN, Consulting Group",
977,официант,22000,29000,20,"TNN, Consulting Group",
978,официант,22000,29000,20,"TNN, Consulting Group",
979,официант,22000,29000,20,"TNN, Consulting Group",
980,продавец-консультант,25000,30000,20,Инвест Плюс,
981,кондитер,25000,40000,20,"Патрик & Мари, сеть кулинарий",Краснодар
982,менеджер,25000,45000,20,Парк отель Порто Маре,
983,менеджер,,25000,20,Национальный туроператор Алеан,
984,менеджер,,50000,20,Роза Хутор,
985,уборщик помещений,20000,,20,"ФГБУ Объединенный санаторий Сочи, УДП РФ",Сочи
986,официант,12000,22000,20,ПРЕВЫСОКОВЪ,
987,официант,12000,22000,20,ПРЕВЫСОКОВЪ,
988,официант,12000,22000,20,ПРЕВЫСОКОВЪ,
989,техник бассейна,16500,,20,Alean Family Resort Collection,Геленджик
990,кондитер,25000,30000,20,Т-кафе,Краснодар
991,территориальный шеф,80000,90000,20,Сеть пиццерий Сицилия,
992,горничная,25000,,20,Мостовик Девелопмент,Сочи
993,руководитель отдела,70000,,20,Мостовик Девелопмент,Сочи
994,менеджер,35000,,20,Мостовик Девелопмент,Сочи
995,аниматор-игротехник,15000,,20,Мостовик Девелопмент,Сочи
996,администратор,18000,,20,Alean Family Resort Collection,Сочи
997,аниматор,18000,,20,Мостовик Девелопмент,Сочи
998,повар-раздатчик,25000,35000,20,Меньшов Игорь Олегович,Краснодар
999,администратор,30000,,20,Мостовик Девелопмент,Сочи
1000,рабочий,16800,22000,20,Alean Family Resort Collection,Сочи
1001,пекарь-кондитер,17000,,20,"Надежда. SPA & Морской рай, курортный комплекс",Сочи
1002,официант,18000,,20,"Надежда. SPA & Морской рай, курортный комплекс",Новороссийск
1003,официант,18000,,20,"Надежда. SPA & Морской рай, курортный комплекс",Геленджик
1004,кухонный рабочий,13000,,20,"Надежда. SPA & Морской рай, курортный комплекс",Новороссийск
1005,кухонный рабочий,13000,,20,"Надежда. SPA & Морской рай, курортный комплекс",Геленджик
1006,горничная,25000,,20,"Надежда. SPA & Морской рай, курортный комплекс",Геленджик
1007,горничная,25000,,20,"Надежда. SPA & Морской рай, курортный комплекс",Новороссийск
1008,бармен,12000,,20,"Надежда. SPA & Морской рай, курортный комплекс",Новороссийск
1009,бармен,12000,,20,"Надежда. SPA & Морской рай, курортный комплекс",Геленджик
1010,менеджер,30000,30000,20,"Норильский никель, ГМК",Сочи
1011,бармен,20000,,20,ХЭППИ СИЗОНС ХОТЕЛС ГРУП,Ялта
1012,заведующий производством,35000,,20,ХЭППИ СИЗОНС ХОТЕЛС ГРУП,
1013,повар производства,30000,,20,Перекресток,Сочи
1014,аниматор,,25000,21,Вилла Валентина (Горобинский И.В.),Алушта
1015,администратор,22000,,21,Отель РАЙ,Алушта
1016,официант-бармен,30000,60000,21,Нарлен,Феодосия
1017,администратор,25000,30000,21,Нарлен,Феодосия
1018,повар-универсал,25000,,21,Отель Феодосия,
1019,администратор-техническая служащая/служащий,15000,25000,22,Пономарь Татьяна Ивановна,
1020,повар-универсал,37000,40000,22,"Кафе Винченцо, г. Сочи",Сочи
1021,повар ресторана,30000,40000,22,Модная компания,Краснодар
1022,повар,30000,,22,Южная бухта,
1023,официант,30000,50000,22,Fanconi Beach,
1024,кассир,33000,35000,22,"Кафе Винченцо, г. Сочи",Сочи
1025,бармен,20000,40000,23,Резиденция «Крымский Бриз»,Ялта
1026,швейцар,18900,23600,23,Резиденция «Крымский Бриз»,Ялта
1027,администратор,18000,,23,Санаторий «Golden»,Алушта
1028,аниматор-универсал,27000,29700,23,Alean Family Resort Collection,Сочи
1029,повар,50000,60000,23,Крайм,
1030,официант,24000,,23,Восток-Лидер,
1031,повар-универсал,30000,,23,Восток-Лидер,
1032,официант,15000,,23,Санаторий Сакрополь,
1033,аниматор,30000,30000,23,Alean Family Resort Collection,Анапа
1034,обвальщик мяса,25000,,23,Яблоко,
1035,аниматор-ведущий,25000,40000,23,Пеньков Дмитрий Петрович,
1036,шеф-повар,50000,,23,Компания Бэрримор,Краснодар
1037,менеджер,15000,,23,Экспофуд,Краснодар
1038,повар,18000,,23,Беляев А.П.,
1039,официант,20000,,23,ХЭППИ СИЗОНС ХОТЕЛС ГРУП,
1040,повар,45000,,23,"Меркурий, ГК",Адлер
1041,повар-сушист,30000,,24,Суши Мастер,
1042,начинающий специалист,70000,,24,АСКА недвижимость,Сочи
1043,администратор,35000,,24,Онейро,
1044,управляющий,40000,40000,24,КОКАБАР,
1045,управляющий,70000,80000,24,Этика,
1046,медицинская сестра,14000,,24,Санаторий «Golden»,Евпатория
1047,медицинская сестра,14000,,24,Санаторий «Golden»,Саки
1048,медицинская сестра,14000,,24,Санаторий «Golden»,Севастополь
1049,медицинская сестра,14000,,24,Санаторий «Golden»,Симферополь
1050,медицинская сестра,14000,,24,Санаторий «Golden»,Ялта
1051,шеф-повар,70000,80000,24,Этика,
1052,повар,25000,60000,24,Куликов Михаил Валерьевич,Краснодар
1053,хостес,20000,25000,24,КОКАБАР,
1054,бренд,100000,120000,24,Этика,
1055,флорист хозяйственной,28000,,24,Домейн,Сочи
1056,официант,30000,,24,ЦЕНТРИНВЕСТ,Ялта
1057,пекарь-кондитер,20000,40000,24,Ненада Роман Николаевич,
1058,повар холодного,20000,40000,24,Ненада Роман Николаевич,
1059,повар горячего,20000,40000,24,Ненада Роман Николаевич,
1060,повар,25000,,24,Рыбамоя,Севастополь
1061,бармен-администратор,25000,,24,Рыбамоя,Севастополь
1062,бармен,20000,25000,24,Oz One,
1063,шеф-повар,35000,50000,24,Санаторий «Golden»,Алушта
1064,старшая горничная,,25000,24,Alean Family Resort Collection,Сочи
1065,пекарь-кассир,20000,,24,Кухня Крыма,
1066,повар-универсал,22500,22500,24,JCat.ru,
1067,повар универсал,37800,42000,24,Саркисян Артак,
1068,повар,25000,,24,OlimpFood,Краснодар
1069,пекарь-тестомес гипермаркета,23700,28500,24,"МАГНИТ, Розничная сеть",
1070,бригадир собственного,33800,45000,24,"МАГНИТ, Розничная сеть",
1071,су-шеф,50000,,25,ГК Ялта-Интурист,
1072,горничная,21000,,25,Парк отель Порто Маре,
1073,горничная,21000,,25,Парк отель Порто Маре,
1074,метрдотель,30000,,25,ГК Ялта-Интурист,
1075,повар,22000,24000,25,"ФГБУ Объединенный санаторий Сочи, УДП РФ",Сочи
1076,официант,22000,24000,25,"ФГБУ Объединенный санаторий Сочи, УДП РФ",Сочи
1077,хостес,22000,,25,Бархат,Краснодар
1078,администратор,30000,,25,ГК Ялта-Интурист,
1079,повар-универсал,25000,30000,25,Пиратская пристань,Краснодар
1080,аниматор подростковой,30000,,25,Alean Family Resort Collection,
1081,хореограф,30000,35000,25,Alean Family Resort Collection,
1082,смены,35000,35000,25,Сочи-Парк,Сочи
1083,экскурсионный гид,25000,,25,Национальный туроператор Алеан,
1084,"отельный гид,",35000,,25,Национальный туроператор Алеан,
1085,администратор,30000,30000,25,Oz One,
1086,управляющий,60000,100000,25,"Ателика, УК",
1087,повар горячего,21000,,25,Яблоко,
1088,официант,25000,,25,Сеть ресторанов РИС,
1089,помощник повара,24000,,25,Alean Family Resort Collection,
1090,кухонный работник,32000,,25,Домейн,Сочи
1091,повар-заготовщик,35000,40000,25,RODINA Grand Hotel & SPA,Сочи
1092,официант,20000,25000,25,Парк отель Порто Маре,
1093,официант,20000,25000,25,Парк отель Порто Маре,
1094,официант,20000,25000,25,Парк отель Порто Маре,
1095,инженер,30000,40000,25,Парк отель Порто Маре,Алушта
1096,управляющий,35000,,25,ХЭППИ СИЗОНС ХОТЕЛС ГРУП,
1097,менеджер,15000,35000,25,Тур де Франс,Краснодар
1098,бариста,25000,40000,25,Королева Валентина Борисовна,Краснодар
1099,менеджер,34500,43000,25,Резиденция «Крымский Бриз»,Ялта
1100,администратор-кассир,22000,28000,25,Суши Мастер,
1101,стюард,25000,,25,АТЭК,Новороссийск
1102,специалист,25000,25000,25,АТЭК,
1103,"повар-универсал,",22000,,25,Санаторий «Golden»,Алупка
1104,повар-универсал,22000,,25,Санаторий «Golden»,Бахчисарай
1105,"повар-универсал,",22000,,25,Санаторий «Golden»,Балаклава
1106,"повар-универсал,",22000,,25,Санаторий «Golden»,Гурзуф
1107,повар-универсал,22000,,25,Санаторий «Golden»,Алушта
1108,повар холодного,30000,40000,25,Альпийский дом,Сочи
1109,"повар-универсал,",20000,,26,Санаторий «Golden»,Джанкой
1110,официант,16000,,26,Санаторий «Golden»,Джанкой
1111,официант,16000,,26,Санаторий «Golden»,Евпатория
1112,повар-кондитер,40000,80000,26,Отель Ас-Эль,Феодосия
1113,хостес ресторана,36000,,26,Домейн,Сочи
1114,официант,16000,,26,Санаторий «Golden»,Керчь
1115,официант,16000,,26,Санаторий «Golden»,Симферополь
1116,официант,16000,,26,Санаторий «Golden»,Феодосия
1117,официант,16000,,26,Санаторий «Golden»,Алушта
1118,официант,16000,,26,Санаторий «Golden»,Ялта
1119,су-шеф,50000,50000,26,Лукор,Сочи
1120,аниматор детский,25000,,26,Alean Family Resort Collection,Сочи
1121,начальник службы,35000,,26,ХЭППИ СИЗОНС ХОТЕЛС ГРУП,
1122,шеф-повар,60000,70000,26,Вилла Аль Марин,
1123,аниматор,20000,,26,Palmira Palace,
1124,повар,23000,,26,ХЭППИ СИЗОНС ХОТЕЛС ГРУП,
1125,горничная,22000,25000,26,Карат,
1126,повар,28000,,26,Управляющая компания «Русский Дом»,Сочи
1127,официант,25000,,26,Роза Хутор,
1128,повар-мангальщик,39000,40500,26,Регион,
1129,официант,18000,40000,26,Регион,
1130,региональный представитель,,60000,26,Бизнес Софт,
1131,автор работ,20000,,26,Ворк,
1132,посудомойщица-уборщица,19000,26000,26,"РАЗ, ДВА, ТРИ",
1133,кухонный работник,22000,22000,26,фирма «Агрокомплекс» им. Н.И. Ткачева,Краснодар
1134,управляющий,50000,,26,ТД Николаев и сыновья,
1135,бармен-официант,25000,,26,ТД Николаев и сыновья,Краснодар
1136,уборщик административных,9000,9000,26,АнтАлекс,Туапсе
1137,шеф-повар,100000,,27,Новиков Групп,
1138,администратор,30000,40000,27,MONIKA,
1139,ночной повар,30000,36000,27,Отель Звездный,Сочи
1140,повар,28000,40000,27,Маринс Парк Отель Сочи,Сочи
1141,официант,50000,,27,«Чайхона №1» Братьев Васильчук,
1142,официант,,30000,27,Анастасиади Иван Иванович,Краснодар
1143,менеджер,25000,30000,27,ТВИЛ,Ялта
1144,директор ресторана,60000,,27,Сеть ресторанов РИС,
1145,повар,26400,,27,Alean Family Resort Collection,
1146,повар,26400,,27,Alean Family Resort Collection,
1147,повар,26400,,27,Alean Family Resort Collection,Геленджик
1148,повар-универсал гипермаркета,26500,32300,27,"МАГНИТ, Розничная сеть",
1149,повар-универсал гипермаркета,29400,34900,27,"МАГНИТ, Розничная сеть",
1150,бармен,20000,,27,Форум,Краснодар
1151,менеджер,22000,22000,27,Отель менеджмент,Анапа
1152,повар,25000,50000,27,Санта Барбара,
1153,разнорабочий-дворник,22000,,27,Роза Хутор,
1154,шеф-повар,60000,,27,База отдыха Рига,
1155,управляющий,40000,,27,Туристический комплекс Арго,
1156,пекарь-кондитер,25000,40000,27,Степанян Арсен Степанович ,Алушта
1157,повар холодного,30000,,28,ФГАУ ОК Дагомыс УДП РФ,Сочи
1158,повар горячего,30000,,28,ФГАУ ОК Дагомыс УДП РФ,Сочи
1159,повар-универсал,,50000,28,Туристический комплекс Прибой,
1160,бортпроводник вип-яхты,120000,150000,28,Школа стюардесс «Marina-School»,Краснодар
1161,менеджер,25000,35000,28,"Суши Шоп, г. Адлер",
1162,повар,25000,,29,Гурман,
1163,повар,30000,,29,"Аппетит Resto, г. Краснодар",Краснодар
1164,повар горячего,28000,35000,29,Продукт-Сервис,Краснодар
1165,кассир раздатчик,23000,35000,29,Меньшов Игорь Олегович,Краснодар
1166,повар,25000,35000,29,Пироговая страна №1,
1167,администратор,25000,35000,29,Пироговая страна №1,
1168,повар,12000,,30,Частная гостиница,
1169,официант,25000,,30,АВА,Краснодар
1170,менеджер,,40000,30,Роза Хутор,Сочи
1171,рабочий зала,25000,,30,Роза Хутор,Сочи
1172,горничная,25000,,30,Коттеджный комплекс ДжазЛоо,Сочи
1173,dubai duty,60000,61000,29,Глобал Вижн,
1174,менеджер,30000,100000,28,Успешное путешествие от А до Я,Краснодар
1175,менеджер,30000,35000,27,Модная компания,
1176,менеджер,30000,50000,27,Ефименко Д.А.,Сочи
1177,официант,40000,40000,26,Лукор,Сочи
1178,администратор,20000,,26,Luna Hotel Krasnodar,Краснодар
1179,официант,12000,100000,25,Геленджик-Отель,Геленджик
1180,хостес,20000,,25,Т-кафе,
1181,администратор,30000,48000,25,Коттеджный комплекс ДжазЛоо,Сочи
1182,шеф-аниматор,50000,,25,Курортная сеть Азовский,
1183,управляющий,35000,40000,24,Макарони,Новороссийск
1184,администратор,30000,,24,Витрина,
1185,управляющий,30000,150000,24,Куликов Михаил Валерьевич,
1186,менеджер,,50000,23,Мацони,
1187,администратор,27000,34000,23,Резиденция «Крымский Бриз»,Ялта
1188,официант,20000,40000,23,Резиденция «Крымский Бриз»,Ялта
1189,администратор,30000,,22,Отель Атлас,Краснодар
1190,повар,30000,42000,21,Ла Веранда,Анапа
1191,менеджер,30000,70000,20,ТК Дискавери Тур,Сочи
1192,администратор,28000,,20,La Terrassa,Сочи
1193,копирайтер/писатель для,3000,6000,20,Новикова Ольга,Сочи
1194,хостес,30000,40000,20,Альпийский дом,Сочи
1195,официант,22000,,19,«Донатс & Кофе» (ИП Степанов Е.И.),Краснодар
1196,event-менеджер,25000,,19,Фонд развития интернет-инициатив,
1197,повар,50000,50000,19,Чамян Саак Овакимович,Адлер
1198,визовый менеджер,30000,45000,19,Визовое Агентство,Краснодар
1199,администратор,20000,35000,19,Инал Бэй,Туапсе
1200,бариста,20000,,19,Ендальцев,
1201,администратор,20000,,19,ТОРГОВЫЙ ДОМ,Краснодар
1202,администратор,28000,29000,19,Аукцион,Красная Поляна
1203,бариста,,30000,19,Анастасиади Иван Иванович,Краснодар
1204,менеджер,49000,50000,19,Группа компаний Золотой пляж,
1205,администратор,20000,25000,18,Пуртухия,Сочи
1206,менеджер,20000,100000,18,Крицкий М.В.,
1207,визовый менеджер/менеджер,25000,50000,18,Аэро- Тревел,Краснодар
1208,бухгалтер-калькулятор,40000,,18,AYS GROUP,Сочи
1209,администратор,30000,,18,Твой бар,
1210,менеджер,25000,70000,17,Фирменный офис Слетать.ру г. Краснодар,Краснодар
1211,официант,35000,50000,17,Ларкин Т.Е.,Красная Поляна
1212,официант,45000,,17,Жуков Алексей Валерьевич,Краснодар
1213,чайный мастер/бариста,10000,10000,17,Чайна,Краснодар
1214,заместитель начальника,,45000,17,RODINA Grand Hotel & SPA,Сочи
1215,менеджер,45000,,17,Жуков Алексей Валерьевич,Краснодар
1216,менеджер,50000,60000,17,CRISTANVAL,
1217,портье,25000,,17,ГК Ялта-Интурист,
1218,менеджер,27000,35000,17,Управляющая компания «Русский Дом»,Сочи
1219,администратор,40000,,16,Гостинично-ресторанный комплекс Кипарис,Сочи
1220,стюардесса,800,1000,16,Школа морского сервиса Омегашип,Сочи
1221,повар-универсал,33000,,16,СТАРТ,Адлер
1222,менеджер,20000,45000,16,Мастер тур-Юг,Краснодар
1223,администратор,30000,35000,16,«Донатс & Кофе» (ИП Степанов Е.И.),Краснодар
1224,менеджер,20000,35000,16,Маринс Парк Отель Сочи,
1225,администратор,22000,35000,14,Пиратская пристань,Краснодар
1226,шеф-повар,60000,100000,14,Коннов Александр Владимирович,
1227,повар,35000,40000,14,Гостиница Алекс,Анапа
1228,администратор,25862,25862,14,Ибис Краснодар,Краснодар
1229,специалист,32000,,13,Отель Имеретинский,Адлер
1230,шеф-повар,50000,,13,"КРИНИЦА, ДСОК",Геленджик
1231,официант,30000,60000,13,ХоРеКа Инвест Групп,Краснодар
1232,су-шеф,42000,,13,ХоРеКа Инвест Групп,Краснодар
1233,повар ресторана,30000,45000,13,Жуков Алексей Валерьевич,Краснодар
1234,администратор,20000,,13,Райт,Анапа
1235,менеджер,20000,,13,Райт,Анапа
1236,администратор,20000,,13,Райт,Анапа
1237,менеджер,30000,,13,«Родина кейтеринг»,Краснодар
1238,администратор,30000,40000,13,«Родина кейтеринг»,Анапа
1239,официант,35000,40000,13,Кубано Клаб,
1240,менеджер,20000,25000,13,Геленджик-отель,Геленджик
1241,менеджер,30000,,13,Лазурный берег,
1242,официант,1000,1000,13,Ресторан-Гостиница Адам и Ева,
1243,официант,20000,,13,Маруха Анна Юрьевна,Краснодар
1244,официант,33000,33000,12,Rixos Krasnaya Polyana Sochi,Сочи
1245,реализатор экскурсий,40000,,12,Анастасия,
1246,официант,18000,,12,Отель КоржовЪ,Краснодар
1247,менеджер,30000,,12,Санинсайд,
1248,администратор,25000,,12,Маринс Парк Отель Сочи,Сочи
1249,менеджер,15000,25000,12,Atlas Hotel Management,Анапа
1250,cу-шеф/повар-универсал,1800,2200,12,Gold Fit&Spa,Краснодар
1251,авиакассир/ агент,,33000,12,Морское агентство группы Посейдон,Новороссийск
1252,менеджер,20000,45000,12,Coral Travel (ИП Серик Александра Николаевна ),
1253,менеджер,25000,,11,"Амиго-Турс, туристическое агентство",
1254,менеджер,40000,60000,11,DelMar Family Project,Сочи
1255,администратор,23000,,11,ГК Пегас,Краснодар
1256,портье,,35000,11,RODINA Grand Hotel & SPA,Сочи
1257,администратор,50000,,11,Fratelli group,
1258,менеджер,18000,23000,11,Единый Визовый Центр,Краснодар
1259,хостес,20000,,11,Fratelli group,Краснодар
1260,менеджер,35000,50000,11,РЦБ,Краснодар
1261,администратор,25000,25000,11,Оскар,Сочи
1262,менеджер,25000,,11,Оскар,Сочи
1263,администратор,15000,30000,11,БОСПОРВЫСОКИЙ БЕРЕГ-М,
1264,управляющий,30000,,10,Hotel Constanta,Сочи
1265,администратор,27000,33000,10,Sea Galaxy Hotel Congress & Spa,Сочи
1266,шеф-повар,50000,,10,Helenendorf,Краснодар
1267,ведущий менеджер,30000,35000,9,Планета Сочи,Сочи
1268,администратор,30000,50000,9,Крым-Автохолдинг,
1269,директор службы,80000,80000,9,Русский лес,Краснодар
1270,менеджер,30000,50000,9,Пуртухия,Сочи
1271,шеф-повар,50000,60000,9,ВИТАТЕХ,
1272,помощник руководителя,20000,45000,9,Вне зоны доступа,Краснодар
1273,специалист клиентской,18000,28000,9,Единый Визовый Центр,Краснодар
1274,менеджер,40000,,9,Единый Визовый Центр,Краснодар
1275,администратор,26000,,9,КСКК АКВАЛОО,Сочи
1276,официант,30000,,9,"Атон, отель-ресторан",Краснодар
1277,агент отдела,40000,80000,8,Ефименко Д.А.,Адлер
